

CREATE TABLE `admin` (
  `id` int(11) NOT NULL AUTO_INCREMENT,
  `username` varchar(200) NOT NULL,
  `password` text NOT NULL,
  PRIMARY KEY (`id`)
) ENGINE=InnoDB AUTO_INCREMENT=2 DEFAULT CHARSET=latin1;

INSERT INTO admin VALUES("1","admin","$2y$10$AIy0X1Ep6alaHDTofiChGeqq7k/d1Kc8vKQf1JZo0mKrzkkj6M626");



CREATE TABLE `bom_produk` (
  `kode_bom` varchar(100) NOT NULL,
  `kode_bk` varchar(100) NOT NULL,
  `kode_produk` varchar(100) NOT NULL,
  `nama_produk` varchar(200) NOT NULL,
  `kebutuhan` varchar(200) NOT NULL
) ENGINE=MyISAM DEFAULT CHARSET=utf8mb4;

INSERT INTO bom_produk VALUES("B0002","M0002","P0002","Batik Pring Sedapur","80");
INSERT INTO bom_produk VALUES("B0002","M0001","P0002","Batik Pring Sedapur","1");
INSERT INTO bom_produk VALUES("B0001","M0003","P0001","Batik Sarimbit Pasangan","3");
INSERT INTO bom_produk VALUES("B0001","M0002","P0001","Batik Sarimbit Pasangan","100");
INSERT INTO bom_produk VALUES("B0001","M0001","P0001","Batik Sarimbit Pasangan","2");
INSERT INTO bom_produk VALUES("B0002","M0003","P0002","Batik Pring Sedapur","4");



CREATE TABLE `customer` (
  `kode_customer` varchar(100) NOT NULL,
  `nama` varchar(100) NOT NULL,
  `email` varchar(100) NOT NULL,
  `username` varchar(100) NOT NULL,
  `password` varchar(100) NOT NULL,
  `telp` varchar(200) NOT NULL,
  PRIMARY KEY (`kode_customer`)
) ENGINE=InnoDB DEFAULT CHARSET=utf8mb4;

INSERT INTO customer VALUES("C0002","Rafi Akbar","a.rafy@gmail.com","rafi","$2y$10$/UjGYbisTPJhr8MgmT37qOXo1o/HJn3dhafPoSYbOlSN1E7olHIb.","0856748564");



CREATE TABLE `inventory` (
  `kode_bk` varchar(100) NOT NULL,
  `nama` varchar(200) NOT NULL,
  `qty` varchar(200) NOT NULL,
  `satuan` varchar(200) NOT NULL,
  `harga` int(11) NOT NULL,
  `tanggal` date NOT NULL,
  PRIMARY KEY (`kode_bk`)
) ENGINE=InnoDB DEFAULT CHARSET=utf8mb4;

INSERT INTO inventory VALUES("M0001","Kain","10","Kodi","8000","2020-10-04");
INSERT INTO inventory VALUES("M0002","Pewarna","800","ml","200","2020-10-04");
INSERT INTO inventory VALUES("M0003","Lilin","1190","batang","1000","2020-10-04");



CREATE TABLE `keranjang` (
  `id_keranjang` int(11) NOT NULL AUTO_INCREMENT,
  `kode_customer` varchar(100) NOT NULL,
  `kode_produk` varchar(100) NOT NULL,
  `nama_produk` varchar(100) NOT NULL,
  `qty` int(11) NOT NULL,
  `harga` int(11) NOT NULL,
  PRIMARY KEY (`id_keranjang`)
) ENGINE=InnoDB AUTO_INCREMENT=26 DEFAULT CHARSET=utf8mb4;




CREATE TABLE `produk` (
  `kode_produk` varchar(100) NOT NULL,
  `nama` varchar(100) NOT NULL,
  `image` text NOT NULL,
  `deskripsi` text NOT NULL,
  `harga` int(11) NOT NULL,
  PRIMARY KEY (`kode_produk`)
) ENGINE=InnoDB DEFAULT CHARSET=utf8mb4;

INSERT INTO produk VALUES("P0001","Batik Sarimbit Pasangan","5f7a336242968.jpg","Batik Sarimbit bagus
			","60000");
INSERT INTO produk VALUES("P0002","Batik Pring Sedapur","5f7a341160e75.jpg","Batik Sedapur Bagus
			","150000");



CREATE TABLE `produksi` (
  `id_order` int(11) NOT NULL AUTO_INCREMENT,
  `invoice` varchar(200) NOT NULL,
  `kode_customer` varchar(200) NOT NULL,
  `kode_produk` varchar(200) NOT NULL,
  `nama_produk` varchar(200) NOT NULL,
  `qty` int(11) NOT NULL,
  `harga` int(11) NOT NULL,
  `status` varchar(200) NOT NULL,
  `tanggal` date NOT NULL,
  `provinsi` varchar(200) NOT NULL,
  `kota` varchar(200) NOT NULL,
  `alamat` varchar(200) NOT NULL,
  `kode_pos` varchar(200) NOT NULL,
  `terima` varchar(200) NOT NULL,
  `tolak` varchar(200) NOT NULL,
  `cek` int(11) NOT NULL,
  PRIMARY KEY (`id_order`)
) ENGINE=InnoDB AUTO_INCREMENT=17 DEFAULT CHARSET=utf8mb4;

INSERT INTO produksi VALUES("14","INV0001","C0002","P0001","Batik Sarimbit Pasangan","2","60000","0","2020-10-04","Jawa Timur","Surabaya","Jl Tanah Merah Indah 1 No 10 C","60129","1","0","1");
INSERT INTO produksi VALUES("15","INV0001","C0002","P0002","Batik Pring Sedapur","1","150000","0","2020-10-04","Jawa Timur","Surabaya","Jl Tanah Merah Indah 1 No 10 C","60129","1","0","1");
INSERT INTO produksi VALUES("16","INV0002","C0002","P0002","Batik Pring Sedapur","1","150000","Pesanan Baru","2020-10-04","Jawa Timur","Surabaya","Jl Tanah Merah Indah 1 No 10 C","60129","2","1","0");



;




CREATE TABLE `report_cancel` (
  `id_report_cancel` int(11) NOT NULL AUTO_INCREMENT,
  `id_order` varchar(100) NOT NULL,
  `kode_produk` varchar(100) NOT NULL,
  `jumlah` varchar(100) NOT NULL,
  `tanggal` date NOT NULL,
  PRIMARY KEY (`id_report_cancel`)
) ENGINE=InnoDB DEFAULT CHARSET=utf8mb4;




CREATE TABLE `report_inventory` (
  `id_report_inv` int(11) NOT NULL AUTO_INCREMENT,
  `kode_bk` varchar(100) NOT NULL,
  `nama_bahanbaku` varchar(100) NOT NULL,
  `jml_stok_bk` int(11) NOT NULL,
  `tanggal` varchar(11) NOT NULL,
  PRIMARY KEY (`id_report_inv`)
) ENGINE=InnoDB DEFAULT CHARSET=utf8mb4;




CREATE TABLE `report_omset` (
  `id_report_omset` int(11) NOT NULL AUTO_INCREMENT,
  `invoice` varchar(100) NOT NULL,
  `jumlah` int(11) NOT NULL,
  `total_omset` int(11) NOT NULL,
  `tanggal` date NOT NULL,
  PRIMARY KEY (`id_report_omset`)
) ENGINE=InnoDB DEFAULT CHARSET=utf8mb4;




CREATE TABLE `report_produksi` (
  `id_report_prd` int(11) NOT NULL AUTO_INCREMENT,
  `invoice` varchar(100) NOT NULL,
  `kode_produk` varchar(100) NOT NULL,
  `nama_produk` varchar(100) NOT NULL,
  `qty` int(11) NOT NULL,
  `tanggal` date NOT NULL,
  PRIMARY KEY (`id_report_prd`)
) ENGINE=InnoDB DEFAULT CHARSET=utf8mb4;




CREATE TABLE `report_profit` (
  `id_report_profit` int(11) NOT NULL AUTO_INCREMENT,
  `kode_bom` varchar(100) NOT NULL,
  `invoice` varchar(100) NOT NULL,
  `kode_produk` varchar(100) NOT NULL,
  `jumlah` varchar(11) NOT NULL,
  `total_profit` varchar(11) NOT NULL,
  `tanggal` date NOT NULL,
  PRIMARY KEY (`id_report_profit`),
  UNIQUE KEY `kode_bom` (`kode_bom`)
) ENGINE=InnoDB DEFAULT CHARSET=utf8mb4;


